<?xml version="1.0" encoding="utf-8"?>
<!--/260761/1266570/2.50/9/4/Variable Resistor/-->
<quadcept_library>
  <setting unit="mil" />
  <textstyle name="Default" height="47.244094488189" strokewidth="7.8740157480315" charwidth="47.244094488189" />
  <textstyle name="Dimension" height="19.6850393700787" strokewidth="0" charwidth="19.6850393700787" />
  <textstyle name="H127W0635TH00762" height="50" strokewidth="3" charwidth="25" />
  <textstyle name="H15W15TH02" height="59.0551181102362" strokewidth="7.8740157480315" charwidth="59.0551181102362" />
  <padstyle name="c255_h170" surface="False" plated="True" isvia="False" nopaste="True" nomask="True" complex="False" holesize="66.929133858267">
    <padshape layer="TOP" shape="round" width="100.3937007874" height="100.3937007874" />
    <padshape layer="TOP_SOLDER_MASK" shape="round" width="108.26771653543" height="108.26771653543" />
    <padshape layer="INNER" shape="round" width="100.3937007874" height="100.3937007874" />
    <padshape layer="BOTTOM" shape="round" width="100.3937007874" height="100.3937007874" />
    <padshape layer="BOTTOM_SOLDER_MASK" shape="round" width="108.26771653543" height="108.26771653543" />
  </padstyle>
  <padstyle name="c330_h220" surface="False" plated="True" isvia="False" nopaste="True" nomask="True" complex="False" holesize="86.614173228345">
    <padshape layer="TOP" shape="round" width="129.92125984252" height="129.92125984252" />
    <padshape layer="TOP_SOLDER_MASK" shape="round" width="137.79527559055" height="137.79527559055" />
    <padshape layer="INNER" shape="round" width="129.92125984252" height="129.92125984252" />
    <padshape layer="BOTTOM" shape="round" width="129.92125984252" height="129.92125984252" />
    <padshape layer="BOTTOM_SOLDER_MASK" shape="round" width="137.79527559055" height="137.79527559055" />
  </padstyle>
  <footprint name="PSM60081A103B2" originx="0" originy="0" pickpointx="0" pickpointy="0">
    <pcbpin number="1" name="A1" style="c255_h170" originx="0" originy="0" rotation="90" />
    <pcbpin number="2" name="A2" style="c255_h170" originx="0" originy="147.63779527559" rotation="90" />
    <pcbpin number="3" name="A3" style="c255_h170" originx="-3444.8818897637" originy="147.63779527559" rotation="90" />
    <pcbpin number="4" name="B1" style="c255_h170" originx="0" originy="-147.63779527559" rotation="90" />
    <pcbpin number="5" name="B2" style="c255_h170" originx="0" originy="-295.27559055118" rotation="90" />
    <pcbpin number="6" name="B3" style="c255_h170" originx="-3444.8818897637" originy="-295.27559055118" rotation="90" />
    <pcbpin number="7" name="M1" style="c330_h220" originx="-2740.1574803149" originy="-73.818897637794" rotation="90" />
    <pcbpin number="8" name="M2" style="c330_h220" originx="-704.72440944881" originy="-73.818897637794" rotation="90" />
    <pcbpin number="9" name="T1" style="c255_h170" originx="-3444.8818897637" originy="0" rotation="90" />
    <line layer="TOP_ASSEMBLY" originx="-3730.3149606299" originy="226.3779527559" endx="679.13385826771" endy="226.3779527559" width="7.8740157480314" />
    <line layer="TOP_ASSEMBLY" originx="679.13385826771" originy="226.3779527559" endx="679.13385826771" endy="-1151.5748031496" width="7.8740157480314" />
    <line layer="TOP_ASSEMBLY" originx="679.13385826771" originy="-1151.5748031496" endx="-3730.3149606299" endy="-1151.5748031496" width="7.8740157480314" />
    <line layer="TOP_ASSEMBLY" originx="-3730.3149606299" originy="-1151.5748031496" endx="-3730.3149606299" endy="226.3779527559" width="7.8740157480314" />
    <line layer="TOP_SILKSCREEN" originx="-3730.3149606299" originy="226.3779527559" endx="679.13385826771" endy="226.3779527559" width="3.9370078740157" />
    <line layer="TOP_SILKSCREEN" originx="679.13385826771" originy="226.3779527559" endx="679.13385826771" endy="-1151.5748031496" width="3.9370078740157" />
    <line layer="TOP_SILKSCREEN" originx="679.13385826771" originy="-1151.5748031496" endx="-3730.3149606299" endy="-1151.5748031496" width="3.9370078740157" />
    <line layer="TOP_SILKSCREEN" originx="-3730.3149606299" originy="-1151.5748031496" endx="-3730.3149606299" endy="226.3779527559" width="3.9370078740157" />
    <line layer="TOP_PLACE_BOUND" originx="-3769.68503937" originy="687.00787401574" endx="769.68503937007" endy="687.00787401574" width="3.9370078740157" />
    <line layer="TOP_PLACE_BOUND" originx="769.68503937007" originy="687.00787401574" endx="769.68503937007" endy="-1190.9448818897" width="3.9370078740157" />
    <line layer="TOP_PLACE_BOUND" originx="769.68503937007" originy="-1190.9448818897" endx="-3769.68503937" endy="-1190.9448818897" width="3.9370078740157" />
    <line layer="TOP_PLACE_BOUND" originx="-3769.68503937" originy="-1190.9448818897" endx="-3769.68503937" endy="687.00787401574" width="3.9370078740157" />
    <line layer="TOP_ASSEMBLY" originx="-1100" originy="226.3779527559" endx="-1100" endy="447.63779527559" width="7.8740157480314" />
    <line layer="TOP_ASSEMBLY" originx="-1100" originy="447.63779527559" endx="-1300" endy="447.63779527559" width="7.8740157480314" />
    <line layer="TOP_ASSEMBLY" originx="-1300" originy="447.63779527559" endx="-1300" endy="647.63779527558" width="7.8740157480314" />
    <line layer="TOP_ASSEMBLY" originx="-1300" originy="647.63779527558" endx="-704.72440944881" endy="647.63779527558" width="7.8740157480314" />
    <line layer="TOP_ASSEMBLY" originx="-704.72440944881" originy="647.63779527558" endx="-704.72440944881" endy="447.63779527559" width="7.8740157480314" />
    <line layer="TOP_ASSEMBLY" originx="-704.72440944881" originy="447.63779527559" endx="-899.99999999999" endy="447.63779527559" width="7.8740157480314" />
    <line layer="TOP_ASSEMBLY" originx="-899.99999999999" originy="447.63779527559" endx="-899.99999999999" endy="226.3779527559" width="7.8740157480314" />
    <line layer="TOP_SILKSCREEN" originx="-1100" originy="226.3779527559" endx="-1100" endy="448.03149606299" width="3.9370078740157" />
    <line layer="TOP_SILKSCREEN" originx="-1100" originy="448.03149606299" endx="-1300" endy="448.03149606299" width="3.9370078740157" />
    <line layer="TOP_SILKSCREEN" originx="-1300" originy="448.03149606299" endx="-1300" endy="647.63779527558" width="3.9370078740157" />
    <line layer="TOP_SILKSCREEN" originx="-1300" originy="647.63779527558" endx="-1300" endy="647.63779527558" width="3.9370078740157" />
    <line layer="TOP_SILKSCREEN" originx="-1300" originy="647.63779527558" endx="-704.72440944881" endy="647.63779527558" width="3.9370078740157" />
    <line layer="TOP_SILKSCREEN" originx="-704.72440944881" originy="647.63779527558" endx="-704.72440944881" endy="447.63779527559" width="3.9370078740157" />
    <line layer="TOP_SILKSCREEN" originx="-704.72440944881" originy="447.63779527559" endx="-899.99999999999" endy="447.63779527559" width="3.9370078740157" />
    <line layer="TOP_SILKSCREEN" originx="-899.99999999999" originy="447.63779527559" endx="-899.99999999999" endy="226.3779527559" width="3.9370078740157" />
    <line layer="TOP_SILKSCREEN" originx="718.50393700787" originy="-15.748031496063" endx="718.50393700787" endy="-15.748031496063" width="35.433070866141" />
    <arc layer="TOP_SILKSCREEN" originx="724.40944881889" originy="-15.748031496063" startangle="180.0" sweepangle="180.0" radius="5.9055118110236" width="35.433070866141" />
    <line layer="TOP_SILKSCREEN" originx="730.31496062991" originy="-15.748031496063" endx="730.31496062991" endy="-15.748031496063" width="35.433070866141" />
    <arc layer="TOP_SILKSCREEN" originx="724.40944881889" originy="-15.748031496063" startangle=".0" sweepangle="180.0" radius="5.9055118110236" width="35.433070866141" />
  </footprint>
  <symbol name="PSM60-081A-103B2" originx="0" originy="0">
    <line originx="200" originy="100" endx="1100" endy="100" width="0" />
    <line originx="1100" originy="-500" endx="1100" endy="100" width="0" />
    <line originx="1100" originy="-500" endx="200" endy="-500" width="0" />
    <line originx="200" originy="100" endx="200" endy="-500" width="0" />
    <sympin number="1" originx="200" originy="0" rotation="180" length="100" width="7.8740157480315" flipped="False">
      <text name="pinname" originx="230" originy="0" style="Default" rotation="0" justify="left" flipped="False" hidden="False" data="CCW_1" />
      <text name="pindes" originx="140" originy="20" style="Default" rotation="0" justify="lowerright" flipped="False" hidden="False" data="A1" />
    </sympin>
    <sympin number="2" originx="200" originy="-100" rotation="180" length="100" width="7.8740157480315" flipped="False">
      <text name="pinname" originx="230" originy="-100" style="Default" rotation="0" justify="left" flipped="False" hidden="False" data="WIPER_1" />
      <text name="pindes" originx="140" originy="-80" style="Default" rotation="0" justify="lowerright" flipped="False" hidden="False" data="A2" />
    </sympin>
    <sympin number="3" originx="200" originy="-200" rotation="180" length="100" width="7.8740157480315" flipped="False">
      <text name="pinname" originx="230" originy="-200" style="Default" rotation="0" justify="left" flipped="False" hidden="False" data="CW_1" />
      <text name="pindes" originx="140" originy="-180" style="Default" rotation="0" justify="lowerright" flipped="False" hidden="False" data="A3" />
    </sympin>
    <sympin number="4" originx="200" originy="-300" rotation="180" length="100" width="7.8740157480315" flipped="False">
      <text name="pinname" originx="230" originy="-300" style="Default" rotation="0" justify="left" flipped="False" hidden="False" data="CCW_2" />
      <text name="pindes" originx="140" originy="-280" style="Default" rotation="0" justify="lowerright" flipped="False" hidden="False" data="B1" />
    </sympin>
    <sympin number="5" originx="200" originy="-400" rotation="180" length="100" width="7.8740157480315" flipped="False">
      <text name="pinname" originx="230" originy="-400" style="Default" rotation="0" justify="left" flipped="False" hidden="False" data="WIPER_2" />
      <text name="pindes" originx="140" originy="-380" style="Default" rotation="0" justify="lowerright" flipped="False" hidden="False" data="B2" />
    </sympin>
    <sympin number="6" originx="1100" originy="0" rotation="0" length="100" width="7.8740157480315" flipped="False">
      <text name="pinname" originx="1070" originy="0" style="Default" rotation="0" justify="right" flipped="False" hidden="False" data="CW_2" />
      <text name="pindes" originx="1160" originy="20" style="Default" rotation="0" justify="lowerleft" flipped="False" hidden="False" data="B3" />
    </sympin>
    <sympin number="7" originx="1100" originy="-100" rotation="0" length="100" width="7.8740157480315" flipped="False">
      <text name="pinname" originx="1070" originy="-100" style="Default" rotation="0" justify="right" flipped="False" hidden="False" data="-" />
      <text name="pindes" originx="1160" originy="-80" style="Default" rotation="0" justify="lowerleft" flipped="False" hidden="False" data="M1" />
    </sympin>
    <sympin number="8" originx="1100" originy="-200" rotation="0" length="100" width="7.8740157480315" flipped="False">
      <text name="pinname" originx="1070" originy="-200" style="Default" rotation="0" justify="right" flipped="False" hidden="False" data="+" />
      <text name="pindes" originx="1160" originy="-180" style="Default" rotation="0" justify="lowerleft" flipped="False" hidden="False" data="M2" />
    </sympin>
    <sympin number="9" originx="1100" originy="-300" rotation="0" length="100" width="7.8740157480315" flipped="False">
      <text name="pinname" originx="1070" originy="-300" style="Default" rotation="0" justify="right" flipped="False" hidden="False" data="T1" />
      <text name="pindes" originx="1160" originy="-280" style="Default" rotation="0" justify="lowerleft" flipped="False" hidden="False" data="T1" />
    </sympin>
  </symbol>
  <component name="PSM60-081A-103B2" designatorprefix="VR" height="0" footprint="PSM60081A103B2">
    <comppin designator="A1" sympin="1" pinswap="0" gateswap="0" gate="1" group="1" side="" type="Any" name="CCW_1" />
    <comppin designator="A2" sympin="2" pinswap="0" gateswap="0" gate="1" group="1" side="" type="Any" name="WIPER_1" />
    <comppin designator="A3" sympin="3" pinswap="0" gateswap="0" gate="1" group="1" side="" type="Any" name="CW_1" />
    <comppin designator="B1" sympin="4" pinswap="0" gateswap="0" gate="1" group="1" side="" type="Any" name="CCW_2" />
    <comppin designator="B2" sympin="5" pinswap="0" gateswap="0" gate="1" group="1" side="" type="Any" name="WIPER_2" />
    <comppin designator="B3" sympin="6" pinswap="0" gateswap="0" gate="1" group="1" side="" type="Any" name="CW_2" />
    <comppin designator="M1" sympin="7" pinswap="0" gateswap="0" gate="1" group="1" side="" type="Any" name="-" />
    <comppin designator="M2" sympin="8" pinswap="0" gateswap="0" gate="1" group="1" side="" type="Any" name="+" />
    <comppin designator="T1" sympin="9" pinswap="0" gateswap="0" gate="1" group="1" side="" type="Any" name="T1" />
    <attached_symbol gate="1" name="PSM60-081A-103B2" />
    <pinmap designator="A1" footprintpin="1" />
    <pinmap designator="A2" footprintpin="2" />
    <pinmap designator="A3" footprintpin="3" />
    <pinmap designator="B1" footprintpin="4" />
    <pinmap designator="B2" footprintpin="5" />
    <pinmap designator="B3" footprintpin="6" />
    <pinmap designator="M1" footprintpin="7" />
    <pinmap designator="M2" footprintpin="8" />
    <pinmap designator="T1" footprintpin="9" />
    <text name="Datasheet" originx="0" originy="0" style="Default" rotation="0" justify="" flipped="False" hidden="True" data="https://www.bourns.com/docs/Product-Datasheets/psm.pdf" />
    <text name="Description" originx="0" originy="0" style="Default" rotation="0" justify="" flipped="False" hidden="True" data="Slide Potentiometers 10Kohm 20% 60mm PC Terminal" />
    <text name="Mouser Part Number" originx="0" originy="0" style="Default" rotation="0" justify="" flipped="False" hidden="True" data="652-PSM60-081A-103B2" />
    <text name="Mouser Price/Stock" originx="0" originy="0" style="Default" rotation="0" justify="" flipped="False" hidden="True" data="https://www.mouser.co.uk/ProductDetail/Bourns/PSM60-081A-103B2?qs=sErY3DeL0TjY3%252B3c4WNBmQ%3D%3D" />
    <text name="Manufacturer_Name" originx="0" originy="0" style="Default" rotation="0" justify="" flipped="False" hidden="True" data="Bourns" />
    <text name="Manufacturer_Part_Number" originx="1150" originy="200" style="Default" rotation="0" justify="left" flipped="False" hidden="False" data="PSM60-081A-103B2" />
  </component>
</quadcept_library>
